Linia,Nr_Zespolu,Nr_slupka,Szer_geo,Dlug_geo
L51,2358,02,52.108031,21.262911
L51,2868,02,52.097788,21.237350
217,3280,03,52.150163,21.044782
217,3009,15,52.179645,21.024116
217,3009,02,52.181484,21.023139
217,R-07,99,52.188525,20.996275
217,3142,04,52.145898,21.051394
217,3391,02,52.157831,21.080006
217,R-07,00,52.188509,20.996198
N42,7002,29,52.229286,21.003772
N42,5050,53,52.239158,20.900998
212,1005,11,52.259600,21.027130
212,1179,05,52.301854,21.056939
212,R-13,99,52.263631,21.047922
212,R-13,00,52.263590,21.047868
213,2148,04,52.222803,21.102318
213,R-10,98,52.234309,21.113553
213,R-10,00,52.232928,21.117660
213,2057,03,52.149861,21.188809
213,2048,02,52.160841,21.210735
213,R-10,99,52.232925,21.117802
213,R-10,90,52.234353,21.113599
210,6005,01,52.271709,20.971918
210,6116,01,52.307839,20.767387
210,6059,19,52.290989,20.928349
210,R-13,99,52.263631,21.047922
210,6059,03,52.291443,20.930820
210,6145,01,52.312886,20.917125
210,R-11,99,52.196605,20.922746
210,6139,01,52.312648,20.812368
210,6048,03,52.272355,20.924810
210,R-11,00,52.196412,20.922925
210,R-13,00,52.263590,21.047868
211,1944,01,52.348314,20.925466
211,1013,14,52.291485,21.001030
211,1317,02,52.348643,20.942760
211,1277,09,52.317249,20.952775
211,1316,01,52.331880,20.951521
211,1316,02,52.331665,20.953013
211,1256,02,52.316483,20.959562
211,1256,01,52.317100,20.961898
N45,R-11,00,52.196412,20.922925
N45,7002,29,52.229286,21.003772
N45,5192,03,52.215736,20.895947
N45,R-11,99,52.196605,20.922746
N45,7001,03,52.231963,21.003286
N45,7002,11,52.229981,21.004410
N45,5192,04,52.217105,20.896413
N45,5050,71,52.239094,20.901168
N56,6168,01,52.341522,20.847219
N56,6059,21,52.290852,20.928167
N56,6808,01,52.345433,20.872865
N56,6629,02,52.346363,20.872424
264,3313,01,52.135004,21.152888
264,3050,02,52.124717,21.102277
264,3044,03,52.167717,21.083898
N95,7002,25,52.229365,21.003778
N95,5050,04,52.239800,20.895053
N95,7002,29,52.229286,21.003772
N95,R-11,00,52.196412,20.922925
N95,R-10,00,52.232928,21.117660
N95,5050,03,52.239411,20.897573
N95,R-11,99,52.196605,20.922746
N62,7002,21,52.229444,21.003724
N62,1393,01,52.351892,21.258697
N62,1743,01,52.346473,21.238823
N62,R-13,99,52.263631,21.047922
218,R-07,00,52.188509,20.996198
218,3007,02,52.190760,21.024750
218,3009,02,52.181484,21.023139
218,3009,16,52.179747,21.024171
218,R-07,99,52.188525,20.996275
219,2043,04,52.183908,21.187745
219,2148,04,52.222803,21.102318
219,R-10,98,52.234309,21.113553
219,R-10,00,52.232928,21.117660
133,1277,07,52.316941,20.952366
133,1116,01,52.355499,20.982328
133,1023,04,52.335386,20.962403
132,6005,11,52.271829,20.969411
132,1359,02,52.315093,21.060384
132,1359,01,52.315782,21.059936
132,6005,16,52.271917,20.968511
132,R-13,99,52.263631,21.047922
132,R-13,00,52.263590,21.047868
132,R-19,99,52.271236,20.968496
132,R-19,00,52.271236,20.968586
131,7002,12,52.230520,21.004590
131,3065,05,52.181370,21.068980
131,7002,16,52.229563,21.005305
131,7002,02,52.228223,21.003378
131,7002,25,52.229365,21.003778
131,3044,05,52.168049,21.084008
131,R-07,00,52.188509,20.996198
136,R-11,99,52.196605,20.922746
136,5124,03,52.247801,20.965241
136,R-11,00,52.196412,20.922925
136,3142,08,52.146323,21.053455
136,R-07,99,52.188525,20.996275
136,R-07,00,52.188509,20.996198
136,3280,02,52.149443,21.044700
135,1003,04,52.255099,21.036174
135,2108,03,52.248331,21.107115
135,1005,11,52.259600,21.027130
135,2108,05,52.248501,21.107394
134,1295,01,52.361693,21.061857
134,R-13,99,52.263631,21.047922
134,R-13,00,52.263590,21.047868
134,6005,17,52.271821,20.968178
134,6005,11,52.271829,20.969411
134,1013,03,52.290679,21.002777
134,R-19,99,52.271236,20.968496
134,R-19,00,52.271236,20.968586
139,3009,02,52.181484,21.023139
139,3305,03,52.104979,21.092717
139,R-07,99,52.188525,20.996275
139,3009,14,52.179566,21.023920
139,R-07,00,52.188509,20.996198
138,3267,71,52.170218,20.995442
138,1043,01,52.260614,21.100661
138,R-07,99,52.188525,20.996275
138,3245,01,52.171229,21.005798
138,3120,05,52.162031,21.036944
138,R-13,99,52.263631,21.047922
138,R-13,00,52.263590,21.047868
138,R-07,00,52.188509,20.996198
L14,3854,01,52.079799,21.201929
L14,3843,01,52.108858,21.141464
225,2148,04,52.222803,21.102318
225,2220,02,52.276433,21.167966
225,R-10,99,52.232925,21.117802
225,R-10,00,52.232928,21.117660
225,2148,05,52.222380,21.102660
225,R-10,90,52.234353,21.113599
L52,3177,71,52.078136,21.075214
L52,3950,01,52.003927,20.985106
L52,3701,71,52.074815,21.029482
ZA1,R-11,00,52.196412,20.922925
ZA1,7002,06,52.227486,21.000096
ZA1,4047,02,52.205798,20.942750
ZA1,4047,01,52.205760,20.943216
ZA1,R-11,99,52.196605,20.922746
ZA1,4048,71,52.201627,20.937194
24,5161,07,52.260233,20.925032
24,R-02,99,52.257020,21.055770
24,R-01,99,52.231530,20.969950
24,R-04,99,52.299130,20.934240
24,2014,03,52.238219,21.118807
24,R-02,00,52.255199,21.053941
24,R-01,00,52.234309,20.972930
24,R-04,00,52.299136,20.934157
25,4108,05,52.209815,20.981967
25,R-03,00,52.188500,20.999906
25,1087,04,52.298584,21.022082
25,R-02,00,52.255199,21.053941
25,R-03,99,52.188500,21.000290
25,R-02,99,52.257020,21.055770
250,6219,01,52.332799,20.868584
250,6059,22,52.291067,20.927699
N33,3258,03,52.188687,20.996184
N33,R-07,99,52.188525,20.996275
N33,R-07,00,52.188509,20.996198
N33,3258,01,52.188828,20.997162
N33,R-10,00,52.232928,21.117660
N33,7002,11,52.229981,21.004410
N33,7002,14,52.229572,21.005140
20,5056,01,52.263473,20.899872
20,1013,05,52.290408,21.002175
20,R-02,00,52.255199,21.053941
20,R-02,99,52.257020,21.055770
20,R-01,99,52.231530,20.969950
20,R-01,00,52.234309,20.972930
22,6045,05,52.271332,20.943966
22,2008,12,52.244627,21.084873
22,R-01,00,52.234309,20.972930
22,R-01,99,52.231530,20.969950
22,R-02,00,52.255199,21.053941
22,R-02,99,52.257020,21.055770
22,R-04,00,52.299136,20.934157
22,R-04,99,52.299130,20.934240
23,1069,01,52.260132,21.042926
23,R-04,00,52.299136,20.934157
23,R-01,99,52.231530,20.969950
23,5161,08,52.260272,20.924947
23,R-01,00,52.234309,20.972930
23,R-04,99,52.299130,20.934240
735,1323,03,52.453832,21.011665
735,6005,11,52.271829,20.969411
735,R-13,00,52.263590,21.047868
735,6005,15,52.271902,20.968119
735,R-13,99,52.263631,21.047922
28,5050,13,52.238678,20.900861
28,R-04,99,52.299130,20.934240
28,1028,15,52.252829,21.049945
28,R-01,99,52.231530,20.969950
28,R-02,99,52.257020,21.055770
28,R-02,00,52.255199,21.053941
28,R-01,00,52.234309,20.972930
28,R-04,00,52.299136,20.934157
222,7101,01,52.244696,21.004919
222,3256,01,52.191402,20.995411
222,R-07,00,52.188509,20.996198
222,7016,04,52.243032,21.002573
222,R-07,99,52.188525,20.996275
L39,3025,03,52.109741,20.992712
L39,3951,02,52.061974,21.024258
340,1140,09,52.276671,21.052787
340,R-13,99,52.263631,21.047922
340,1240,03,52.338254,21.119018
340,R-13,00,52.263590,21.047868
221,R-13,00,52.263590,21.047868
221,6212,71,52.259452,20.993967
221,R-13,99,52.263631,21.047922
221,6039,09,52.262692,20.980543
221,6212,01,52.259463,20.993562
221,6039,11,52.261665,20.978437
401,R-07,99,52.188525,20.996275
401,4221,04,52.190379,20.861991
401,4217,21,52.195371,20.882701
401,R-11,99,52.196605,20.922746
401,4221,02,52.190196,20.862637
401,4089,03,52.194398,20.936197
401,3338,02,52.170269,21.026588
401,R-11,00,52.196412,20.922925
401,3136,05,52.154146,21.037095
401,3279,03,52.172917,21.026128
401,R-07,00,52.188509,20.996198
401,3132,04,52.156841,21.033602
S2,2914,01,52.240794,21.298122
S2,4919,01,52.169566,20.975954
S2,4919,02,52.169645,20.975090
S2,4917,01,52.197019,20.965331
L23,3177,71,52.078136,21.075214
L23,3701,71,52.074815,21.029482
N21,2015,06,52.234707,21.125615
N21,7002,25,52.229365,21.003778
N21,R-10,98,52.234309,21.113553
N21,2275,04,52.221605,21.243278
N21,R-10,99,52.232925,21.117802
N21,R-10,90,52.234353,21.113599
N21,R-10,00,52.232928,21.117660
220,4327,71,52.177522,20.915077
220,5050,01,52.238926,20.896240
220,5161,12,52.260647,20.924989
220,R-11,99,52.196605,20.922746
220,4131,01,52.184351,20.899557
220,5050,71,52.239094,20.901168
220,5055,02,52.258792,20.898491
220,R-11,00,52.196412,20.922925
220,4131,04,52.184508,20.897679
349,5207,51,52.233763,20.891919
349,5034,03,52.238205,20.913160
N25,7002,11,52.229981,21.004410
N25,7002,25,52.229365,21.003778
N25,2032,01,52.208298,21.196622
N25,R-11,00,52.196412,20.922925
N25,7002,16,52.229563,21.005305
N25,7002,29,52.229286,21.003772
N25,R-10,90,52.234353,21.113599
N25,R-10,99,52.232925,21.117802
N25,R-11,99,52.196605,20.922746
817,4195,01,52.153969,20.792699
817,4044,06,52.219010,20.967876
817,4044,01,52.218142,20.967070
N85,7013,03,52.231621,21.010446
N85,4195,01,52.153969,20.792699
N85,R-11,00,52.196412,20.922925
N86,7002,27,52.229183,21.002897
N86,3400,03,52.129269,21.068400
N86,R-07,99,52.188525,20.996275
N86,3104,01,52.158250,21.002380
N86,3342,01,52.150832,20.994766
N81,7002,16,52.229563,21.005305
N81,7002,11,52.229981,21.004410
N81,3391,02,52.157831,21.080006
N81,7002,02,52.228223,21.003378
N81,R-07,99,52.188525,20.996275
N81,7002,27,52.229183,21.002897
7,4015,03,52.176023,20.943965
7,1031,02,52.258155,21.059643
7,R-02,99,52.257020,21.055770
7,R-03,00,52.188500,20.999906
7,R-02,00,52.255199,21.053941
7,R-03,99,52.188500,21.000290
719,6166,02,52.257546,20.586367
719,5034,71,52.237821,20.913808
719,R-11,00,52.196412,20.922925
719,5034,02,52.239191,20.911538
719,5034,01,52.239152,20.914981
719,5034,03,52.238205,20.913160
719,R-11,99,52.196605,20.922746
719,5050,71,52.239094,20.901168
717,4044,06,52.219010,20.967876
717,4235,02,52.192934,20.828914
717,R-11,00,52.196412,20.922925
717,4044,01,52.218142,20.967070
717,R-11,99,52.196605,20.922746
716,5011,06,52.224954,20.930725
716,R-11,99,52.196605,20.922746
716,4235,02,52.192934,20.828914
716,R-11,00,52.196412,20.922925
715,3120,05,52.162031,21.036944
715,4015,13,52.175292,20.943825
715,4015,17,52.175146,20.944026
714,6152,02,52.264713,20.795601
714,5034,02,52.239191,20.911538
714,5034,71,52.237821,20.913808
714,R-11,00,52.196412,20.922925
714,5034,03,52.238205,20.913160
714,R-11,99,52.196605,20.922746
713,5011,06,52.224954,20.930725
713,R-11,99,52.196605,20.922746
713,5138,01,52.214493,20.744573
713,R-11,00,52.196412,20.922925
713,5011,08,52.225052,20.930696
712,5033,02,52.239638,20.916942
712,6112,01,52.274185,20.864849
712,5034,71,52.237821,20.913808
712,5034,03,52.238205,20.913160
711,4015,17,52.175146,20.944026
711,R-11,99,52.196605,20.922746
711,4349,01,52.090999,20.800152
711,4015,15,52.175222,20.943717
711,R-11,00,52.196412,20.922925
710,3282,04,52.131281,21.064910
710,R-07,99,52.188525,20.996275
710,R-07,00,52.188509,20.996198
710,3400,05,52.129309,21.067736
710,3464,71,52.074193,21.011341
710,3400,06,52.128992,21.068027
120,1295,01,52.361693,21.061857
120,1140,01,52.274977,21.056486
120,R-13,99,52.263631,21.047922
120,1140,12,52.276764,21.052853
120,1028,13,52.252387,21.050526
120,1146,05,52.291570,21.051176
120,R-13,00,52.263590,21.047868
120,1028,05,52.252538,21.051028
121,6082,02,52.287945,20.976558
121,6005,13,52.272013,20.968047
121,6048,06,52.272483,20.925058
121,6082,05,52.289666,20.975752
122,6082,06,52.289848,20.976341
122,5050,01,52.238926,20.896240
122,6082,02,52.287945,20.976558
122,5050,71,52.239094,20.901168
122,6129,04,52.261956,20.952437
122,R-11,99,52.196605,20.922746
122,5050,03,52.239411,20.897573
122,6129,03,52.262734,20.954562
122,R-13,99,52.263631,21.047922
122,R-11,00,52.196412,20.922925
122,5064,01,52.258058,20.920925
122,5064,02,52.256681,20.918991
122,5050,53,52.239158,20.900998
122,R-13,00,52.263590,21.047868
122,R-19,00,52.271236,20.968586
122,R-19,99,52.271236,20.968496
123,R-13,00,52.263590,21.047868
123,2008,08,52.245865,21.084594
123,2120,04,52.250222,21.052494
123,1028,04,52.252766,21.051751
123,1028,05,52.252538,21.051028
123,R-13,99,52.263631,21.047922
123,R-10,00,52.232928,21.117660
124,4015,17,52.175146,20.944026
124,R-11,99,52.196605,20.922746
124,4026,01,52.151714,20.965035
124,4015,12,52.175510,20.943588
124,R-11,00,52.196412,20.922925
125,1231,03,52.241528,21.041313
125,2032,02,52.208373,21.196528
125,2008,01,52.245391,21.084962
125,R-10,98,52.234309,21.113553
125,R-10,90,52.234353,21.113599
125,R-10,00,52.232928,21.117660
125,R-10,99,52.232925,21.117802
125,2015,03,52.233508,21.125456
126,R-13,00,52.263590,21.047868
126,1277,09,52.317249,20.952775
126,1179,05,52.301854,21.056939
126,R-13,99,52.263631,21.047922
127,4224,01,52.208799,20.895459
127,7100,02,52.243111,21.020559
127,7002,01,52.227890,21.003750
127,7002,02,52.228223,21.003378
127,R-13,00,52.263590,21.047868
127,R-13,99,52.263631,21.047922
127,R-07,99,52.188525,20.996275
127,R-07,00,52.188509,20.996198
128,7027,02,52.242475,21.013271
128,R-07,99,52.188525,20.996275
128,4119,05,52.207700,20.963604
128,7027,04,52.243145,21.012928
128,R-13,00,52.263590,21.047868
128,R-07,00,52.188509,20.996198
128,R-10,00,52.232928,21.117660
128,7027,06,52.243110,21.012808
128,R-10,98,52.234309,21.113553
129,4092,03,52.199564,20.914849
129,5073,03,52.246201,20.939082
129,R-11,99,52.196605,20.922746
129,4217,21,52.195371,20.882701
129,R-11,00,52.196412,20.922925
L19,3701,71,52.074815,21.029482
L19,3954,01,51.921869,21.019657
S4,1908,02,52.412980,20.943320
S4,3905,02,52.065806,21.018039
S4,1907,01,52.400920,20.942660
S4,7903,02,52.259198,20.989514
S4,1907,02,52.401440,20.942050
S4,1930,01,52.451382,21.007561
L20,2358,01,52.107764,21.263024
L20,2394,01,52.132933,21.463783
N41,6145,01,52.312886,20.917125
N41,7002,23,52.229250,21.002852
N41,7002,11,52.229981,21.004410
N41,6059,01,52.289887,20.931206
N41,R-11,99,52.196605,20.922746
N41,R-11,00,52.196412,20.922925
N41,6046,01,52.274719,20.939263
736,1013,12,52.291396,21.000301
736,R-13,99,52.263631,21.047922
736,1193,02,52.398085,20.922967
736,R-13,00,52.263590,21.047868
N72,2052,03,52.159364,21.204682
N72,7002,25,52.229365,21.003778
N72,2358,02,52.108031,21.262911
N72,2870,01,52.076300,21.251125
N72,R-10,98,52.234309,21.113553
N72,R-10,90,52.234353,21.113599
L25,3701,71,52.074815,21.029482
L25,3368,02,51.981144,21.216983
N01,1253,07,52.334045,20.942045
N01,R-11,00,52.196412,20.922925
N01,3120,06,52.161925,21.036976
N01,R-07,00,52.188509,20.996198
N01,3240,06,52.189008,21.000835
N01,6061,01,52.297935,20.934822
N01,R-07,99,52.188525,20.996275
N01,R-11,99,52.196605,20.922746
N01,6015,04,52.300820,20.938471
N01,4090,04,52.196626,20.923424
Z26,5011,07,52.224843,20.930172
Z26,R-11,99,52.196605,20.922746
Z26,R-11,00,52.196412,20.922925
Z26,R-13,00,52.263590,21.047868
Z26,5005,01,52.233577,20.967103
Z26,R-13,99,52.263631,21.047922
379,3391,02,52.157831,21.080006
379,3044,08,52.167187,21.084809
379,R-10,90,52.234353,21.113599
379,3044,04,52.167730,21.084070
L36,1962,01,52.333624,21.237158
L36,1747,01,52.374847,21.286964
L36,1775,01,52.363624,21.333079
411,7006,12,52.218778,21.015517
411,R-10,99,52.232925,21.117802
411,R-10,00,52.232928,21.117660
411,2148,01,52.222140,21.102260
411,R-10,90,52.234353,21.113599
411,2440,05,52.214421,21.217394
Z31,7002,16,52.229563,21.005305
Z31,7002,11,52.229981,21.004410
Z31,R-13,99,52.263631,21.047922
Z31,R-10,00,52.232928,21.117660
Z31,R-13,00,52.263590,21.047868
Z31,3323,02,52.202908,21.070332
Z31,R-10,99,52.232925,21.117802
Z31,3323,03,52.202130,21.069070
N31,7002,11,52.229981,21.004410
N31,3065,05,52.181370,21.068980
N31,7002,16,52.229563,21.005305
N31,7002,27,52.229183,21.002897
N31,3044,10,52.168195,21.084302
N31,3036,01,52.171994,21.065899
N31,7013,01,52.229076,21.011909
N31,R-07,99,52.188525,20.996275
N31,R-07,00,52.188509,20.996198
N32,7013,03,52.231621,21.010446
N32,R-11,99,52.196605,20.922746
N32,4040,71,52.169472,20.978252
N32,4201,02,52.170675,20.973780
N32,R-11,00,52.196412,20.922925
N02,2064,03,52.240382,21.155991
N02,6006,04,52.275681,20.960831
N02,1028,08,52.253126,21.051878
N02,6059,23,52.290746,20.928062
N02,R-10,90,52.234353,21.113599
N02,1003,01,52.253739,21.035454
N02,R-10,98,52.234309,21.113553
N02,R-10,99,52.232925,21.117802
N02,1028,04,52.252766,21.051751
N02,R-10,00,52.232928,21.117660
N34,3400,03,52.129269,21.068400
N34,R-07,99,52.188525,20.996275
N34,7002,27,52.229183,21.002897
N34,3267,71,52.170218,20.995442
N34,R-07,00,52.188509,20.996198
L12,4080,02,52.007763,20.896043
L12,3701,71,52.074815,21.029482
702,2358,02,52.108031,21.262911
702,2008,14,52.244626,21.088164
702,R-10,00,52.232928,21.117660
702,R-10,99,52.232925,21.117802
702,R-10,90,52.234353,21.113599
N37,3400,04,52.129226,21.068250
N37,R-07,99,52.188525,20.996275
N37,7002,02,52.228223,21.003378
N37,3009,02,52.181484,21.023139
N37,7002,16,52.229563,21.005305
N37,R-13,99,52.263631,21.047922
N37,R-07,00,52.188509,20.996198
N37,7002,27,52.229183,21.002897
201,5030,06,52.239499,20.945926
201,5161,15,52.260432,20.924920
319,3333,03,52.141645,21.038878
319,2032,04,52.208323,21.197469
319,2032,03,52.208141,21.196319
319,R-07,00,52.188509,20.996198
319,R-10,90,52.234353,21.113599
319,3280,03,52.150163,21.044782
319,R-07,99,52.188525,20.996275
319,3280,01,52.150203,21.046395
319,R-10,99,52.232925,21.117802
199,1152,08,52.300045,21.041367
199,R-13,99,52.263631,21.047922
199,R-13,00,52.263590,21.047868
199,2451,01,52.269113,21.179755
199,R-10,99,52.232925,21.117802
199,1152,03,52.300439,21.041727
199,R-10,90,52.234353,21.113599
198,2275,04,52.221605,21.243278
198,2344,01,52.253786,21.223641
200,7002,30,52.229208,21.003465
200,R-07,99,52.188525,20.996275
200,3177,71,52.078136,21.075214
200,R-07,00,52.188509,20.996198
704,2312,01,52.222381,21.347918
704,2008,14,52.244626,21.088164
704,R-10,99,52.232925,21.117802
704,R-10,00,52.232928,21.117660
704,R-10,90,52.234353,21.113599
194,4149,01,52.207880,20.863610
194,5011,08,52.225052,20.930696
194,4216,02,52.200889,20.896157
194,5011,06,52.224954,20.930725
197,5011,08,52.225052,20.930696
197,R-11,99,52.196605,20.922746
197,R-11,00,52.196412,20.922925
197,R-13,00,52.263590,21.047868
197,6082,05,52.289666,20.975752
197,6082,02,52.287945,20.976558
197,R-13,99,52.263631,21.047922
196,R-10,90,52.234353,21.113599
196,2086,02,52.256877,21.177167
196,2086,03,52.256788,21.176381
196,R-10,99,52.232925,21.117802
191,R-11,00,52.196412,20.922925
191,4003,15,52.218107,20.983776
191,4130,02,52.183320,20.870516
191,R-11,99,52.196605,20.922746
191,4003,16,52.217667,20.982605
191,4130,01,52.183526,20.870352
191,4005,10,52.210284,20.975571
190,1234,01,52.304988,21.085399
190,5104,06,52.234078,20.925859
190,R-13,00,52.263590,21.047868
190,5050,71,52.239094,20.901168
190,1003,02,52.255298,21.034611
190,R-11,00,52.196412,20.922925
190,5050,03,52.239411,20.897573
190,R-11,99,52.196605,20.922746
190,5050,01,52.238926,20.896240
190,R-13,99,52.263631,21.047922
193,3120,06,52.161925,21.036976
193,3267,71,52.170218,20.995442
193,R-07,99,52.188525,20.996275
193,R-07,00,52.188509,20.996198
193,3011,05,52.173072,21.020948
192,3400,01,52.128946,21.068699
192,R-07,99,52.188525,20.996275
192,3136,05,52.154146,21.037095
192,3009,02,52.181484,21.023139
192,R-07,00,52.188509,20.996198
192,3009,17,52.179854,21.024224
115,2220,03,52.277058,21.170340
115,R-10,90,52.234353,21.113599
115,2020,01,52.226026,21.160360
115,2222,01,52.169917,21.242213
115,2061,01,52.237404,21.143060
115,R-10,99,52.232925,21.117802
114,6145,01,52.312886,20.917125
114,6059,20,52.291200,20.927860
114,1152,05,52.300241,21.041745
117,7002,14,52.229572,21.005140
117,R-13,99,52.263631,21.047922
117,R-10,00,52.232928,21.117660
117,2148,01,52.222140,21.102260
117,R-13,00,52.263590,21.047868
117,R-10,99,52.232925,21.117802
116,3044,07,52.168038,21.083851
116,6048,03,52.272355,20.924810
116,R-10,00,52.232928,21.117660
116,3044,04,52.167730,21.084070
116,R-13,00,52.263590,21.047868
116,R-10,99,52.232925,21.117802
116,R-13,99,52.263631,21.047922
111,2148,01,52.222140,21.102260
111,R-13,00,52.263590,21.047868
111,R-10,00,52.232928,21.117660
111,5157,05,52.244377,20.979334
111,5157,02,52.244705,20.979207
111,R-13,99,52.263631,21.047922
111,R-10,99,52.232925,21.117802
110,6005,15,52.271902,20.968119
110,6222,03,52.325725,20.899490
110,6100,01,52.304856,20.887023
110,6005,12,52.272096,20.968381
112,5092,03,52.214879,20.881482
112,R-11,99,52.196605,20.922746
112,R-13,00,52.263590,21.047868
112,5161,10,52.260766,20.924938
112,1146,01,52.292233,21.046659
112,1234,04,52.304491,21.082347
112,R-13,99,52.263631,21.047922
112,R-11,00,52.196412,20.922925
112,1146,05,52.291570,21.051176
N46,R-13,00,52.263590,21.047868
N46,7002,23,52.229250,21.002852
N46,6059,23,52.290746,20.928062
N46,R-13,99,52.263631,21.047922
119,R-07,00,52.188509,20.996198
119,3286,06,52.206080,21.000230
119,R-10,90,52.234353,21.113599
119,2034,01,52.210086,21.205616
119,R-10,00,52.232928,21.117660
119,R-10,99,52.232925,21.117802
119,R-10,98,52.234309,21.113553
119,R-07,99,52.188525,20.996275
118,R-13,00,52.263590,21.047868
118,7059,02,52.246077,21.019666
118,7006,09,52.219489,21.015401
118,R-07,99,52.188525,20.996275
118,R-07,00,52.188509,20.996198
118,7006,14,52.219201,21.015599
118,R-13,99,52.263631,21.047922
204,1182,04,52.323759,21.068262
204,R-13,99,52.263631,21.047922
204,R-13,00,52.263590,21.047868
204,1085,15,52.293425,21.026118
204,1085,13,52.293535,21.030980
414,1152,07,52.300304,21.042801
414,R-13,99,52.263631,21.047922
414,R-13,00,52.263590,21.047868
414,4106,03,52.200540,20.947770
414,R-11,99,52.196605,20.922746
414,R-11,00,52.196412,20.922925
L18,6139,01,52.312648,20.812368
L18,6115,02,52.250670,20.843290
251,3009,02,52.181484,21.023139
251,3355,71,52.089407,21.123208
251,R-07,99,52.188525,20.996275
251,3009,14,52.179566,21.023920
251,R-07,00,52.188509,20.996198
207,R-11,00,52.196412,20.922925
207,4216,03,52.200359,20.893006
207,4130,02,52.183320,20.870516
207,R-11,99,52.196605,20.922746
L37,1700,02,52.345412,21.221230
L37,1400,04,52.315360,21.193591
256,1146,03,52.292182,21.049518
256,1470,02,52.327960,21.065529
L40,1702,02,52.361242,21.168455
L40,1544,01,52.332714,21.090056
L40,1743,01,52.346473,21.238823
L34,1800,01,52.400774,20.941536
L34,1827,01,52.443098,20.847028
L34,1841,01,52.441443,20.863402
226,1225,01,52.340221,21.049016
226,1085,11,52.293581,21.030403
226,1085,13,52.293535,21.030980
525,2032,01,52.208298,21.196622
525,7002,21,52.229444,21.003724
525,R-10,99,52.232925,21.117802
525,R-10,90,52.234353,21.113599
525,7013,15,52.229989,21.013157
525,7002,23,52.229250,21.002852
525,R-10,98,52.234309,21.113553
525,7002,02,52.228223,21.003378
525,R-07,99,52.188525,20.996275
525,R-07,00,52.188509,20.996198
525,R-10,00,52.232928,21.117660
3,R-02,99,52.257020,21.055770
3,2014,04,52.238169,21.118884
3,1087,02,52.298511,21.021790
3,R-02,00,52.255199,21.053941
527,1182,01,52.323473,21.067047
527,R-13,99,52.263631,21.047922
527,R-13,00,52.263590,21.047868
527,1146,03,52.292182,21.049518
527,1182,06,52.323416,21.068387
527,1146,05,52.291570,21.051176
520,R-13,00,52.263590,21.047868
520,7016,01,52.243090,21.002102
520,2064,05,52.238650,21.156554
520,R-10,99,52.232925,21.117802
520,2064,03,52.240382,21.155991
520,R-10,00,52.232928,21.117660
520,2015,03,52.233508,21.125456
520,R-10,90,52.234353,21.113599
520,7006,12,52.218778,21.015517
520,7016,02,52.243761,21.001839
520,R-10,98,52.234309,21.113553
520,R-13,99,52.263631,21.047922
521,2052,03,52.159364,21.204682
521,2008,22,52.244983,21.087144
521,4119,03,52.207886,20.963753
521,R-11,00,52.196412,20.922925
521,R-10,90,52.234353,21.113599
521,2008,01,52.245391,21.084962
521,R-10,98,52.234309,21.113553
521,R-11,99,52.196605,20.922746
521,R-10,00,52.232928,21.117660
521,R-10,99,52.232925,21.117802
521,2008,23,52.244720,21.086380
522,R-07,00,52.188509,20.996198
522,3385,71,52.157604,21.080054
522,7011,10,52.222300,21.016689
522,3391,02,52.157831,21.080006
522,7002,27,52.229183,21.002897
522,3385,03,52.157075,21.078269
522,7011,08,52.222849,21.016379
522,7002,02,52.228223,21.003378
522,R-07,99,52.188525,20.996275
523,2108,71,52.249017,21.107616
523,R-10,98,52.234309,21.113553
523,2108,01,52.247780,21.106650
523,5055,07,52.258409,20.898306
523,R-10,00,52.232928,21.117660
523,R-11,00,52.196412,20.922925
523,5055,02,52.258792,20.898491
523,R-11,99,52.196605,20.922746
523,2008,10,52.243302,21.084587
523,4044,02,52.218056,20.965851
L32,3177,71,52.078136,21.075214
L32,3950,01,52.003927,20.985106
L32,3701,71,52.074815,21.029482
255,5011,10,52.225291,20.931005
255,R-11,99,52.196605,20.922746
255,R-11,00,52.196412,20.922925
255,5040,02,52.230172,20.982448
E-2,R-13,00,52.263590,21.047868
E-2,7016,03,52.243132,21.002169
E-2,3044,12,52.167408,21.084807
E-2,7099,02,52.245654,21.000111
E-2,7099,01,52.245525,20.999942
E-2,R-07,00,52.188509,20.996198
E-2,R-10,00,52.232928,21.117660
E-2,7016,04,52.243032,21.002573
E-2,R-10,99,52.232925,21.117802
E-2,7016,02,52.243761,21.001839
E-2,R-07,99,52.188525,20.996275
E-2,R-10,98,52.234309,21.113553
E-2,R-13,99,52.263631,21.047922
N03,2008,22,52.244983,21.087144
N03,R-10,98,52.234309,21.113553
N03,2008,01,52.245391,21.084962
N03,1947,06,52.340013,20.946713
N03,3120,05,52.162031,21.036944
N03,1006,10,52.262745,21.022003
N03,R-10,00,52.232928,21.117660
N03,1277,07,52.316941,20.952366
N03,1199,01,52.263361,21.048360
N03,1277,01,52.318172,20.952937
N03,1003,01,52.253739,21.035454
723,1013,10,52.291224,21.000818
723,1193,01,52.398003,20.922969
723,1197,01,52.410807,20.915447
723,1013,01,52.289797,21.003259
723,R-13,00,52.263590,21.047868
723,R-13,99,52.263631,21.047922
723,1310,04,52.402680,20.928690
308,R-07,00,52.188509,20.996198
308,3007,08,52.189978,21.023898
308,3409,03,52.185414,20.989790
308,3114,05,52.189224,21.018351
308,3109,71,52.189529,21.020512
308,R-07,99,52.188525,20.996275
L50,2875,01,52.175374,21.372875
L50,2353,03,52.136611,21.234386
L21,3188,03,52.102628,21.116018
L21,3368,02,51.981144,21.216983
L31,1513,01,52.420232,21.034619
L31,1999,01,52.419333,21.183984
303,6015,03,52.301132,20.940574
303,R-13,99,52.263631,21.047922
303,6003,18,52.269365,20.986392
303,6015,01,52.300253,20.939797
303,R-13,00,52.263590,21.047868
303,6069,03,52.297236,20.900118
26,2008,13,52.244674,21.084883
26,5007,03,52.230882,20.955555
26,R-01,99,52.231530,20.969950
26,R-03,00,52.188500,20.999906
26,R-01,00,52.234309,20.972930
305,2039,04,52.204500,21.167011
305,2261,01,52.227192,21.149757
245,1152,03,52.300439,21.041727
245,R-13,99,52.263631,21.047922
245,1474,03,52.280592,21.131054
245,R-13,00,52.263590,21.047868
245,1474,04,52.280321,21.131243
245,1060,03,52.286622,21.076729
245,1152,08,52.300045,21.041367
108,R-07,00,52.188509,20.996198
108,7040,06,52.228747,21.023171
108,3009,02,52.181484,21.023139
108,3009,15,52.179645,21.024116
108,7040,01,52.226009,21.023454
108,R-07,99,52.188525,20.996275
240,1240,03,52.338254,21.119018
240,R-13,99,52.263631,21.047922
240,1146,03,52.292182,21.049518
240,R-13,00,52.263590,21.047868
102,2108,71,52.249017,21.107616
102,R-10,98,52.234309,21.113553
102,1231,07,52.242104,21.041993
102,R-13,99,52.263631,21.047922
102,2108,05,52.248501,21.107394
102,R-13,00,52.263590,21.047868
102,2108,04,52.248591,21.107358
102,R-10,00,52.232928,21.117660
103,5119,01,52.224766,20.969254
103,6059,71,52.290204,20.926972
103,6059,03,52.291443,20.930820
103,6059,01,52.289887,20.931206
703,4015,17,52.175146,20.944026
703,R-11,99,52.196605,20.922746
703,4266,01,52.055010,20.829556
703,4015,16,52.175353,20.943392
703,4015,15,52.175222,20.943717
703,R-11,00,52.196412,20.922925
106,R-07,00,52.188509,20.996198
106,5124,05,52.247772,20.965092
106,7059,01,52.246224,21.019522
106,R-07,99,52.188525,20.996275
106,R-13,99,52.263631,21.047922
106,R-13,00,52.263590,21.047868
107,R-07,00,52.188509,20.996198
107,3079,04,52.193336,21.085129
107,R-13,00,52.263590,21.047868
107,5157,03,52.244460,20.979280
107,3325,01,52.194471,21.048876
107,R-07,99,52.188525,20.996275
107,R-13,99,52.263631,21.047922
104,1176,01,52.334818,21.033365
104,1085,13,52.293535,21.030980
105,5040,09,52.229405,20.980452
105,5050,01,52.238926,20.896240
105,5050,03,52.239411,20.897573
105,5192,03,52.215736,20.895947
105,R-11,99,52.196605,20.922746
105,R-11,00,52.196412,20.922925
105,5040,02,52.230172,20.982448
105,5050,53,52.239158,20.900998
105,5050,71,52.239094,20.901168
N12,R-13,00,52.263590,21.047868
N12,7002,21,52.229444,21.003724
N12,1140,12,52.276764,21.052853
N12,R-13,99,52.263631,21.047922
N13,1253,01,52.331651,20.941244
N13,R-13,99,52.263631,21.047922
N13,7002,23,52.229250,21.002852
N13,1253,08,52.334524,20.942109
N13,7002,03,52.229014,21.000793
N13,1277,07,52.316941,20.952366
N13,R-13,00,52.263590,21.047868
900,1317,02,52.348643,20.942760
900,1484,71,52.359051,20.953326
900,1947,06,52.340013,20.946713
N11,1145,01,52.287714,21.048138
N11,R-13,99,52.263631,21.047922
N11,7002,21,52.229444,21.003724
N11,1146,04,52.292141,21.053037
N11,1359,02,52.315093,21.060384
N11,R-13,00,52.263590,21.047868
N16,R-13,00,52.263590,21.047868
N16,7002,21,52.229444,21.003724
N16,1482,02,52.277475,21.080790
N16,R-13,99,52.263631,21.047922
N14,7002,21,52.229444,21.003724
N14,R-13,99,52.263631,21.047922
N14,R-13,00,52.263590,21.047868
N14,1295,01,52.361693,21.061857
33,6059,15,52.291902,20.930104
33,R-03,99,52.188500,21.000290
33,3118,71,52.206732,21.002608
33,R-04,00,52.299136,20.934157
33,6045,06,52.271279,20.943828
33,R-03,00,52.188500,20.999906
33,R-04,99,52.299130,20.934240
31,3254,14,52.181870,20.988957
31,R-03,99,52.188500,21.000290
31,3114,72,52.189365,21.019950
31,3114,71,52.189507,21.020954
31,R-03,00,52.188500,20.999906
N38,4015,07,52.175467,20.944064
N38,R-11,99,52.196605,20.922746
N38,R-11,00,52.196412,20.922925
N38,7013,03,52.231621,21.010446
35,4108,06,52.209854,20.981979
35,R-01,00,52.234309,20.972930
35,R-03,00,52.188500,20.999906
35,R-01,99,52.231530,20.969950
35,6045,05,52.271332,20.943966
35,6045,06,52.271279,20.943828
35,R-03,99,52.188500,21.000290
N35,4221,01,52.190287,20.862549
N35,7013,03,52.231621,21.010446
N35,4221,04,52.190379,20.861991
N35,R-11,99,52.196605,20.922746
519,R-07,00,52.188509,20.996198
519,3044,71,52.168034,21.084109
519,7002,27,52.229183,21.002897
519,3056,01,52.116730,21.092890
519,7002,02,52.228223,21.003378
519,R-07,99,52.188525,20.996275
519,3044,10,52.168195,21.084302
518,R-13,00,52.263590,21.047868
518,6005,11,52.271829,20.969411
518,7040,06,52.228747,21.023171
518,R-13,99,52.263631,21.047922
518,1253,08,52.334524,20.942109
518,6005,01,52.271709,20.971918
L38,1700,02,52.345412,21.221230
L38,1744,02,52.324975,21.285485
511,R-19,00,52.271236,20.968586
511,6059,18,52.291286,20.927995
511,R-13,99,52.263631,21.047922
511,1317,02,52.348643,20.942760
511,1317,01,52.348532,20.942306
511,R-13,00,52.263590,21.047868
511,6059,01,52.289887,20.931206
511,R-19,99,52.271236,20.968496
512,1003,02,52.255298,21.034611
512,1215,04,52.285983,21.049693
512,R-13,00,52.263590,21.047868
512,R-13,99,52.263631,21.047922
512,1028,03,52.252881,21.052101
514,2285,03,52.248647,21.243801
514,R-10,90,52.234353,21.113599
514,R-10,00,52.232928,21.117660
514,7006,14,52.219201,21.015599
514,2015,03,52.233508,21.125456
514,R-10,98,52.234309,21.113553
514,R-10,99,52.232925,21.117802
517,R-07,00,52.188509,20.996198
517,7076,07,52.222988,21.043309
517,4095,02,52.195708,20.897835
517,R-11,99,52.196605,20.922746
517,4221,02,52.190196,20.862637
517,R-07,99,52.188525,20.996275
517,R-10,00,52.232928,21.117660
517,4221,01,52.190287,20.862549
517,7033,01,52.231027,21.017979
517,4221,03,52.190903,20.861735
517,7076,03,52.224105,21.043613
517,R-11,00,52.196412,20.922925
517,7013,01,52.229076,21.011909
517,R-13,00,52.263590,21.047868
517,R-13,99,52.263631,21.047922
517,R-10,99,52.232925,21.117802
517,7076,06,52.222866,21.043381
516,1253,07,52.334045,20.942045
516,1013,09,52.291140,21.000905
N88,4064,01,52.132598,20.895185
N88,7013,03,52.231621,21.010446
6,R-04,00,52.299136,20.934157
6,6059,12,52.292066,20.929842
6,R-02,00,52.255199,21.053941
6,R-04,99,52.299130,20.934240
6,2014,04,52.238169,21.118884
6,R-02,99,52.257020,21.055770
6,R-01,00,52.234309,20.972930
6,R-01,99,52.231530,20.969950
339,3009,02,52.181484,21.023139
339,R-07,99,52.188525,20.996275
339,3400,03,52.129269,21.068400
339,R-07,00,52.188509,20.996198
339,3009,14,52.179566,21.023920
338,1043,01,52.260614,21.100661
338,1005,18,52.259927,21.027177
338,R-13,99,52.263631,21.047922
338,R-13,00,52.263590,21.047868
L33,3025,04,52.109932,20.992443
S3,1915,01,52.424206,21.176377
S3,4919,01,52.169566,20.975954
S3,1910,01,52.428030,20.974430
S3,4919,02,52.169645,20.975090
S3,1908,02,52.412980,20.943320
S3,5902,07,52.222558,20.961429
S3,1908,01,52.412200,20.942090
S3,5902,08,52.221643,20.961325
N24,7002,02,52.228223,21.003378
N24,7002,01,52.227890,21.003750
N24,7002,25,52.229365,21.003778
N24,2088,01,52.264261,21.169116
N24,2220,02,52.276433,21.167966
N24,R-10,99,52.232925,21.117802
N24,R-10,90,52.234353,21.113599
S1,2918,03,52.109400,21.263240
S1,4905,01,52.168480,20.799730
S1,4905,02,52.167980,20.798010
S1,2900,01,52.251390,21.053370
S1,5909,02,52.224665,20.983374
S1,5909,01,52.225316,20.986248
331,3009,02,52.181484,21.023139
331,4040,71,52.169472,20.978252
331,3009,17,52.179854,21.024224
331,4201,02,52.170675,20.973780
331,3104,01,52.158250,21.002380
331,4202,01,52.168737,20.974537
331,R-07,99,52.188525,20.996275
331,R-07,00,52.188509,20.996198
742,3282,04,52.131281,21.064910
742,R-07,99,52.188525,20.996275
742,R-07,00,52.188509,20.996198
742,3400,06,52.128992,21.068027
742,3368,02,51.981144,21.216983
742,3400,05,52.129309,21.067736
742,3400,04,52.129226,21.068250
332,1557,02,52.312498,21.065619
332,1353,04,52.315846,21.032495
743,5050,71,52.239094,20.901168
743,5169,01,52.193404,20.694984
743,R-11,00,52.196412,20.922925
743,5050,53,52.239158,20.900998
743,5050,01,52.238926,20.896240
743,5050,03,52.239411,20.897573
743,R-11,99,52.196605,20.922746
743,5134,02,52.215032,20.774236
743,5050,02,52.240293,20.896865
179,3120,05,52.162031,21.036944
179,3400,02,52.128899,21.068567
179,3292,03,52.143717,21.025057
178,5040,02,52.230172,20.982448
178,4284,04,52.185656,20.895804
178,5040,09,52.229405,20.980452
178,R-11,00,52.196412,20.922925
178,4284,01,52.186725,20.896464
178,R-11,99,52.196605,20.922746
178,7052,03,52.255424,21.004226
178,R-13,00,52.263590,21.047868
178,R-13,99,52.263631,21.047922
177,5050,03,52.239411,20.897573
177,R-11,99,52.196605,20.922746
177,4342,54,52.192298,20.868630
177,5050,71,52.239094,20.901168
177,5050,53,52.239158,20.900998
177,R-11,00,52.196412,20.922925
176,1085,14,52.293471,21.027874
176,1116,01,52.355499,20.982328
176,1085,15,52.293425,21.026118
176,1085,13,52.293535,21.030980
175,7013,01,52.229076,21.011909
175,4040,71,52.169472,20.978252
175,7027,02,52.242475,21.013271
175,R-07,99,52.188525,20.996275
175,R-07,00,52.188509,20.996198
175,7013,06,52.229589,21.009962
175,7027,06,52.243110,21.012808
175,R-10,00,52.232928,21.117660
175,4202,01,52.168737,20.974537
175,R-13,99,52.263631,21.047922
175,R-10,98,52.234309,21.113553
175,7027,04,52.243145,21.012928
175,4201,02,52.170675,20.973780
174,3267,71,52.170218,20.995442
174,7088,10,52.231230,20.999847
174,R-07,99,52.188525,20.996275
174,3267,04,52.169842,20.996515
174,R-07,00,52.188509,20.996198
173,2120,06,52.250394,21.052998
173,R-10,98,52.234309,21.113553
173,2440,03,52.214419,21.217546
173,R-10,99,52.232925,21.117802
173,R-10,90,52.234353,21.113599
173,R-10,00,52.232928,21.117660
173,R-13,00,52.263590,21.047868
173,2015,03,52.233508,21.125456
173,R-13,99,52.263631,21.047922
172,R-11,00,52.196412,20.922925
172,3094,05,52.178183,21.048304
172,R-07,99,52.188525,20.996275
172,4027,02,52.212007,20.955585
172,3094,02,52.177661,21.047312
172,R-07,00,52.188509,20.996198
172,R-11,99,52.196605,20.922746
171,R-11,00,52.196412,20.922925
171,6048,06,52.272483,20.925058
171,7076,06,52.222866,21.043381
171,7076,03,52.224105,21.043613
171,R-10,99,52.232925,21.117802
171,R-11,99,52.196605,20.922746
170,1003,04,52.255099,21.036174
170,R-13,99,52.263631,21.047922
170,1051,01,52.270976,21.093753
170,R-13,00,52.263590,21.047868
170,1006,09,52.262572,21.021846
170,1482,02,52.277475,21.080790
170,1006,12,52.264087,21.023168
731,1208,01,52.421694,20.925558
731,R-13,99,52.263631,21.047922
731,1013,01,52.289797,21.003259
731,1013,10,52.291224,21.000818
731,R-13,00,52.263590,21.047868
731,1379,01,52.421162,20.939224
N64,1116,01,52.355499,20.982328
N64,7002,21,52.229444,21.003724
N64,1126,01,52.316558,21.011764
850,6006,01,52.276037,20.962870
850,6680,71,52.379862,20.630388
L30,3368,02,51.981144,21.216983
L30,3784,01,51.974601,21.105418
N61,7002,21,52.229444,21.003724
N61,R-13,00,52.263590,21.047868
N61,1244,01,52.360867,21.111262
730,2431,01,52.199373,21.377846
730,2008,14,52.244626,21.088164
730,R-10,00,52.232928,21.117660
730,R-10,90,52.234353,21.113599
730,2325,02,52.171830,21.292214
730,R-10,99,52.232925,21.117802
249,5073,05,52.246620,20.940184
249,5050,71,52.239094,20.901168
249,R-11,99,52.196605,20.922746
249,5050,03,52.239411,20.897573
249,5050,01,52.238926,20.896240
249,5050,02,52.240293,20.896865
249,R-11,00,52.196412,20.922925
S10,2900,01,52.251390,21.053370
S10,2918,03,52.109400,21.263240
S10,2900,02,52.251740,21.054840
733,4015,17,52.175146,20.944026
733,R-11,99,52.196605,20.922746
733,4015,15,52.175222,20.943717
733,4293,01,52.048316,20.780957
733,R-11,00,52.196412,20.922925
182,4044,03,52.218037,20.964926
182,2105,01,52.236275,21.112945
182,2105,04,52.236047,21.113499
182,R-10,98,52.234309,21.113553
182,4044,02,52.218056,20.965851
182,R-11,99,52.196605,20.922746
182,R-11,00,52.196412,20.922925
182,4044,01,52.218142,20.967070
182,R-10,00,52.232928,21.117660
183,2008,15,52.244696,21.087287
183,2379,01,52.238765,21.191721
183,2008,23,52.244720,21.086380
183,R-10,90,52.234353,21.113599
183,R-10,98,52.234309,21.113553
183,2015,03,52.233508,21.125456
183,R-10,99,52.232925,21.117802
183,R-10,00,52.232928,21.117660
180,3044,04,52.167730,21.084070
180,6048,05,52.272412,20.924930
180,3044,07,52.168038,21.083851
180,R-10,00,52.232928,21.117660
180,R-13,00,52.263590,21.047868
180,6048,03,52.272355,20.924810
180,R-19,00,52.271236,20.968586
180,R-19,99,52.271236,20.968496
180,R-10,99,52.232925,21.117802
180,R-13,99,52.263631,21.047922
181,6069,03,52.297236,20.900118
181,R-13,99,52.263631,21.047922
181,6003,03,52.269710,20.985458
181,R-13,00,52.263590,21.047868
181,6003,18,52.269365,20.986392
186,1253,09,52.334041,20.942215
186,4119,04,52.207794,20.963670
186,R-11,00,52.196412,20.922925
186,R-13,00,52.263590,21.047868
186,4045,02,52.216088,20.959279
186,R-11,99,52.196605,20.922746
186,6133,03,52.278854,20.977637
186,4119,01,52.208080,20.963905
186,R-13,99,52.263631,21.047922
187,4221,71,52.190850,20.861592
187,4221,06,52.191025,20.861961
187,4221,02,52.190196,20.862637
187,3065,06,52.181510,21.068830
187,R-11,99,52.196605,20.922746
187,R-07,00,52.188509,20.996198
187,R-11,00,52.196412,20.922925
187,R-07,99,52.188525,20.996275
184,6059,24,52.290956,20.927562
184,4119,01,52.208080,20.963905
184,R-11,00,52.196412,20.922925
184,R-11,99,52.196605,20.922746
184,4044,01,52.218142,20.967070
184,4119,04,52.207794,20.963670
185,3292,04,52.142638,21.021954
185,3060,01,52.196257,21.052439
185,6082,05,52.289666,20.975752
185,7075,03,52.220921,21.045231
185,3292,02,52.142864,21.023599
185,6082,02,52.287945,20.976558
185,3039,01,52.174554,21.043769
185,3060,03,52.196965,21.050617
185,3060,02,52.199018,21.051419
185,3292,01,52.142495,21.025766
739,3345,03,52.092815,21.037715
739,3009,17,52.179854,21.024224
739,3009,02,52.181484,21.023139
739,3795,01,52.080643,21.039816
739,R-07,99,52.188525,20.996275
739,3009,18,52.179943,21.024275
739,R-07,00,52.188509,20.996198
507,R-10,00,52.232928,21.117660
507,2148,02,52.222050,21.102160
507,7002,25,52.229365,21.003778
507,7002,16,52.229563,21.005305
507,R-10,98,52.234309,21.113553
507,R-10,99,52.232925,21.117802
188,4201,02,52.170675,20.973780
188,2259,01,52.240177,21.128744
188,2108,71,52.249017,21.107616
188,4040,71,52.169472,20.978252
188,R-11,00,52.196412,20.922925
188,4202,01,52.168737,20.974537
188,R-11,99,52.196605,20.922746
188,R-10,98,52.234309,21.113553
188,R-10,00,52.232928,21.117660
189,3279,04,52.173870,21.026334
189,R-07,99,52.188525,20.996275
189,R-11,99,52.196605,20.922746
189,R-07,00,52.188509,20.996198
189,3065,03,52.181311,21.068822
189,5050,71,52.239094,20.901168
189,R-11,00,52.196412,20.922925
189,5050,03,52.239411,20.897573
189,3065,05,52.181370,21.068980
189,5050,01,52.238926,20.896240
502,7006,12,52.218778,21.015517
502,R-10,99,52.232925,21.117802
502,2015,03,52.233508,21.125456
502,2440,05,52.214421,21.217394
502,R-10,00,52.232928,21.117660
502,R-10,90,52.234353,21.113599
502,7006,08,52.218088,21.015484
502,7076,06,52.222866,21.043381
311,2148,05,52.222380,21.102660
311,R-10,99,52.232925,21.117802
311,2477,02,52.254503,21.073407
311,2148,04,52.222803,21.102318
202,R-13,00,52.263590,21.047868
202,1231,07,52.242104,21.041993
202,R-10,98,52.234309,21.113553
202,2259,02,52.240211,21.128105
202,R-13,99,52.263631,21.047922
202,2259,01,52.240177,21.128744
202,R-10,00,52.232928,21.117660
4,R-02,99,52.257020,21.055770
4,1091,01,52.311068,21.012868
4,3012,06,52.168059,21.016086
4,R-04,99,52.299130,20.934240
4,R-03,00,52.188500,20.999906
4,R-03,99,52.188500,21.000290
4,R-04,00,52.299136,20.934157
4,R-02,00,52.255199,21.053941
L43,1234,02,52.305028,21.085244
L43,1848,01,52.296966,21.154955
L43,1352,02,52.321669,21.104103
L42,3188,03,52.102628,21.116018
L42,3358,02,52.061465,21.153110
L41,1800,01,52.400774,20.941536
L41,1882,01,52.430581,20.709710
707,3464,71,52.074193,21.011341
707,4015,13,52.175292,20.943825
L47,2436,01,52.241831,21.303435
L47,2841,01,52.257326,21.299751
L47,2436,02,52.241831,21.303371
737,4135,01,52.063324,20.920754
737,3120,05,52.162031,21.036944
737,3327,01,52.056423,20.897921
737,4135,02,52.063720,20.921550
L45,1234,02,52.305028,21.085244
L45,1868,01,52.423577,21.083412
317,4015,18,52.175438,20.943098
317,R-11,99,52.196605,20.922746
317,R-07,99,52.188525,20.996275
317,4015,10,52.175536,20.943639
317,3044,06,52.167953,21.084344
317,R-07,00,52.188509,20.996198
317,R-11,00,52.196412,20.922925
L49,1306,01,52.411392,20.884965
L49,1317,02,52.348643,20.942760
509,1006,12,52.264087,21.023168
509,1947,06,52.340013,20.946713
509,2001,04,52.247387,21.048454
509,1253,10,52.334524,20.942275
509,1028,04,52.252766,21.051751
509,R-10,98,52.234309,21.113553
509,2148,03,52.221950,21.102050
509,R-10,99,52.232925,21.117802
509,R-13,99,52.263631,21.047922
509,1947,02,52.340916,20.949143
509,1003,02,52.255298,21.034611
509,R-13,00,52.263590,21.047868
509,R-10,00,52.232928,21.117660
509,1028,13,52.252387,21.050526
509,1253,09,52.334041,20.942215
402,3243,06,52.179055,21.002602
402,R-07,99,52.188525,20.996275
402,3263,02,52.176674,20.995785
402,R-07,00,52.188509,20.996198
402,3251,04,52.178941,20.993534
402,R-10,90,52.234353,21.113599
402,2064,04,52.240311,21.156066
402,R-10,99,52.232925,21.117802
402,2064,05,52.238650,21.156554
N44,7002,23,52.229250,21.002852
N44,6059,23,52.290746,20.928062
N44,6061,02,52.298442,20.934710
N44,R-11,99,52.196605,20.922746
N44,R-10,98,52.234309,21.113553
N44,R-11,00,52.196412,20.922925
L11,1882,01,52.430581,20.709710
L11,1800,01,52.400774,20.941536
L11,1831,01,52.438780,20.779123
L29,6166,02,52.257546,20.586367
L29,6817,01,52.267712,20.462591
168,2105,02,52.236283,21.112783
168,R-10,98,52.234309,21.113553
168,R-07,00,52.188509,20.996198
168,3256,01,52.191402,20.995411
168,R-10,00,52.232928,21.117660
168,R-07,99,52.188525,20.996275
169,1152,06,52.300143,21.041761
169,R-13,99,52.263631,21.047922
169,R-13,00,52.263590,21.047868
169,1028,07,52.252847,21.051689
L16,3313,01,52.135004,21.152888
L16,3860,01,52.056575,21.097867
228,R-11,00,52.196412,20.922925
228,4216,03,52.200359,20.893006
228,4037,02,52.184076,20.979223
228,R-11,99,52.196605,20.922746
164,3079,05,52.193315,21.085261
164,3159,01,52.145889,21.138194
164,R-07,00,52.188509,20.996198
164,3044,03,52.167717,21.083898
164,3159,02,52.145651,21.138648
164,R-07,99,52.188525,20.996275
164,3044,02,52.166510,21.083010
165,3009,02,52.181484,21.023139
165,3104,01,52.158250,21.002380
165,3009,17,52.179854,21.024224
165,R-07,00,52.188509,20.996198
165,3009,16,52.179747,21.024171
165,R-07,99,52.188525,20.996275
166,3400,04,52.129226,21.068250
166,R-07,99,52.188525,20.996275
166,1005,18,52.259927,21.027177
166,R-07,00,52.188509,20.996198
166,3336,01,52.126475,21.065745
166,R-13,00,52.263590,21.047868
166,1005,05,52.259699,21.025992
166,R-13,99,52.263631,21.047922
166,3400,03,52.129269,21.068400
167,3308,03,52.208293,21.083049
167,4045,03,52.215701,20.962222
167,5162,01,52.264624,20.885089
167,3234,54,52.210900,21.009240
167,3228,08,52.207901,21.009837
167,3228,02,52.208406,21.008118
167,5055,05,52.258350,20.898425
160,7002,23,52.229250,21.002852
160,1182,06,52.323416,21.068387
160,1182,01,52.323473,21.067047
160,R-13,99,52.263631,21.047922
160,R-13,00,52.263590,21.047868
160,R-11,00,52.196412,20.922925
161,2184,01,52.186657,21.224762
161,2158,01,52.154272,21.209215
162,1003,09,52.255999,21.035241
162,3059,05,52.202166,21.048487
162,1005,09,52.259662,21.027361
162,3079,03,52.193349,21.085026
162,R-10,99,52.232925,21.117802
162,1005,11,52.259600,21.027130
162,R-13,99,52.263631,21.047922
162,R-07,99,52.188525,20.996275
162,R-07,00,52.188509,20.996198
162,3060,04,52.198052,21.052987
162,3060,02,52.199018,21.051419
162,R-10,00,52.232928,21.117660
162,3060,03,52.196965,21.050617
162,R-13,00,52.263590,21.047868
163,3094,06,52.178257,21.048888
163,R-07,99,52.188525,20.996275
163,R-07,00,52.188509,20.996198
163,3044,03,52.167717,21.083898
163,3065,07,52.181640,21.069131
S40,4917,02,52.196522,20.967106
S40,3905,02,52.065806,21.018039
S40,3905,01,52.066943,21.016958
S40,4917,01,52.197019,20.965331
10,R-03,99,52.188500,21.000290
10,5007,03,52.230882,20.955555
10,3012,07,52.168120,21.016064
10,R-03,00,52.188500,20.999906
15,R-03,00,52.188500,20.999906
15,6077,03,52.275135,20.980405
15,4015,02,52.176056,20.943878
15,R-04,99,52.299130,20.934240
15,R-03,99,52.188500,21.000290
15,R-04,00,52.299136,20.934157
N71,R-10,90,52.234353,21.113599
N71,7002,25,52.229365,21.003778
N71,2285,03,52.248647,21.243801
N71,R-10,00,52.232928,21.117660
17,3254,12,52.181829,20.988798
17,1947,05,52.340579,20.950047
17,3254,13,52.181850,20.988881
17,6005,71,52.272727,20.971944
17,R-03,00,52.188500,20.999906
17,R-04,99,52.299130,20.934240
17,R-03,99,52.188500,21.000290
17,1507,71,52.324324,20.942653
17,R-04,00,52.299136,20.934157
738,1140,08,52.276490,21.052995
738,R-13,99,52.263631,21.047922
738,1680,01,52.403515,21.195939
738,R-13,00,52.263590,21.047868
738,1680,03,52.404190,21.197637
18,3254,14,52.181870,20.988957
18,R-03,99,52.188500,21.000290
18,1013,07,52.290526,21.002311
18,R-04,99,52.299130,20.934240
18,R-03,00,52.188500,20.999906
18,R-04,00,52.299136,20.934157
314,1295,01,52.361693,21.061857
314,1277,09,52.317249,20.952775
314,1091,04,52.310638,21.014370
815,3136,06,52.153908,21.037503
815,4176,01,52.119052,20.944127
503,3142,04,52.145898,21.051394
503,R-10,99,52.232925,21.117802
503,R-07,99,52.188525,20.996275
503,3142,22,52.144619,21.049996
503,7052,01,52.254308,21.001099
503,R-07,00,52.188509,20.996198
503,7052,04,52.255504,21.004410
503,R-10,98,52.234309,21.113553
503,R-10,00,52.232928,21.117660
503,R-13,99,52.263631,21.047922
503,R-13,00,52.263590,21.047868
709,3009,02,52.181484,21.023139
709,3169,04,52.067048,21.017531
709,3163,01,52.076930,21.026045
709,3009,18,52.179943,21.024275
709,3009,17,52.179854,21.024224
709,R-07,00,52.188509,20.996198
709,R-07,99,52.188525,20.996275
727,3009,02,52.181484,21.023139
727,4135,03,52.062918,20.920134
727,3009,18,52.179943,21.024275
727,3009,17,52.179854,21.024224
727,3327,01,52.056423,20.897921
727,R-07,00,52.188509,20.996198
727,R-07,99,52.188525,20.996275
724,3282,04,52.131281,21.064910
724,R-07,99,52.188525,20.996275
724,R-07,00,52.188509,20.996198
724,3400,06,52.128992,21.068027
724,3340,02,52.067351,21.027675
L35,1775,01,52.363624,21.333079
L35,1700,02,52.345412,21.221230
722,2872,01,52.154029,21.311808
722,2008,14,52.244626,21.088164
722,R-10,00,52.232928,21.117660
722,R-10,90,52.234353,21.113599
722,2325,02,52.171830,21.292214
722,R-10,99,52.232925,21.117802
500,7091,01,52.252963,20.983633
500,R-13,99,52.263631,21.047922
500,1152,04,52.300345,21.041741
500,R-13,00,52.263590,21.047868
500,1077,01,52.269314,21.038485
500,7091,04,52.253270,20.982280
720,2008,14,52.244626,21.088164
720,2394,01,52.132933,21.463783
720,R-10,90,52.234353,21.113599
720,R-10,99,52.232925,21.117802
721,4015,17,52.175146,20.944026
721,R-11,99,52.196605,20.922746
721,4266,01,52.055010,20.829556
721,4015,16,52.175353,20.943392
721,4015,14,52.175431,20.943469
721,R-11,00,52.196412,20.922925
L48,2860,01,52.203351,21.303141
L48,2846,52,52.242299,21.288749
501,3094,53,52.177790,21.049080
501,7002,27,52.229183,21.002897
501,R-07,00,52.188509,20.996198
501,3094,02,52.177661,21.047312
501,R-07,99,52.188525,20.996275
501,7002,02,52.228223,21.003378
728,4015,17,52.175146,20.944026
728,R-11,99,52.196605,20.922746
728,4080,02,52.007763,20.896043
728,4015,16,52.175353,20.943392
728,4015,14,52.175431,20.943469
728,R-11,00,52.196412,20.922925
729,6175,01,52.282112,20.743725
729,5034,71,52.237821,20.913808
729,6160,02,52.261807,20.678411
729,5034,02,52.239191,20.911538
729,5034,03,52.238205,20.913160
729,R-11,00,52.196412,20.922925
729,R-11,99,52.196605,20.922746
151,2502,02,52.230229,21.104800
151,7011,09,52.222628,21.015572
151,R-10,98,52.234309,21.113553
151,R-10,00,52.232928,21.117660
150,6168,01,52.341522,20.847219
150,6059,21,52.290852,20.928167
150,6660,02,52.351415,20.818830
150,6629,02,52.346363,20.872424
150,6005,12,52.272096,20.968381
153,2220,01,52.276848,21.170321
153,R-10,99,52.232925,21.117802
153,2086,02,52.256877,21.177167
153,2070,05,52.257891,21.159358
153,R-10,90,52.234353,21.113599
153,2070,06,52.257809,21.159645
153,2420,01,52.285369,21.172642
152,1277,07,52.316941,20.952366
152,1110,01,52.336240,21.004277
152,1174,01,52.325822,21.031791
152,1179,05,52.301854,21.056939
152,1359,02,52.315093,21.060384
152,R-13,00,52.263590,21.047868
154,4015,18,52.175438,20.943098
154,R-11,99,52.196605,20.922746
154,4045,71,52.217027,20.963799
154,4015,09,52.175403,20.943972
154,R-11,00,52.196412,20.922925
154,4044,02,52.218056,20.965851
157,4119,02,52.207974,20.963822
157,6082,02,52.287945,20.976558
157,6082,06,52.289848,20.976341
157,4119,01,52.208080,20.963905
156,R-13,00,52.263590,21.047868
156,1028,06,52.252956,21.052035
156,6059,23,52.290746,20.928062
156,R-13,99,52.263631,21.047922
156,1140,01,52.274977,21.056486
156,1140,06,52.275705,21.054441
159,3079,04,52.193336,21.085129
159,4027,01,52.212038,20.954871
159,3323,01,52.203072,21.066729
159,4051,02,52.211903,20.951822
159,3323,03,52.202130,21.069070
159,3323,04,52.203842,21.067916
159,4051,01,52.212562,20.953480
158,2105,04,52.236047,21.113499
158,7002,01,52.227890,21.003750
158,4051,02,52.211903,20.951822
158,2105,02,52.236283,21.112783
158,7002,02,52.228223,21.003378
158,R-11,00,52.196412,20.922925
158,4126,01,52.211598,20.949379
158,7002,25,52.229365,21.003778
158,R-10,00,52.232928,21.117660
158,R-10,98,52.234309,21.113553
158,R-11,99,52.196605,20.922746
L28,3769,02,52.022209,21.127029
L28,3769,01,52.022658,21.126276
L28,3188,03,52.102628,21.116018
L10,1800,01,52.400774,20.941536
L10,1819,01,52.483010,20.923404
L10,1815,01,52.478898,20.945485
750,6657,01,52.392107,20.715048
750,6059,21,52.290852,20.928167
750,6660,01,52.351882,20.817430
750,6401,71,52.364515,20.776537
750,6633,01,52.356773,20.864480
750,6632,02,52.355217,20.868695
N91,6100,01,52.304856,20.887023
N91,7002,23,52.229250,21.002852
239,3136,06,52.153908,21.037503
239,3419,51,52.142301,21.006083
239,R-07,99,52.188525,20.996275
239,R-07,00,52.188509,20.996198
N22,2052,03,52.159364,21.204682
N22,7002,25,52.229365,21.003778
N22,R-10,90,52.234353,21.113599
N22,2222,01,52.169917,21.242213
234,1091,71,52.310297,21.014133
234,1558,02,52.339035,21.066917
L27,1713,02,52.338799,21.195773
L27,1345,01,52.310880,21.152548
L27,1998,01,52.359849,21.167540
L46,1848,01,52.296966,21.154955
L46,1352,02,52.321669,21.104103
L46,1234,02,52.305028,21.085244
L-8,1868,01,52.423577,21.083412
L-8,1800,02,52.400728,20.941451
L-9,1800,01,52.400774,20.941536
L-9,1815,01,52.478898,20.945485
L-9,1819,01,52.483010,20.923404
N83,7002,14,52.229572,21.005140
N83,R-10,98,52.234309,21.113553
N83,3169,04,52.067048,21.017531
N83,7002,11,52.229981,21.004410
L22,2358,01,52.107764,21.263024
L22,2325,71,52.174009,21.292528
L-1,4064,01,52.132598,20.895185
L-1,3169,07,52.067737,21.016619
L-2,3701,71,52.074815,21.029482
L-2,4080,02,52.007763,20.896043
L-3,3169,07,52.067737,21.016619
L-3,4816,01,52.031520,20.829200
L-4,4873,51,52.046310,20.885750
L-4,3160,05,52.097778,21.017616
L-5,3327,01,52.056423,20.897921
L-5,3701,71,52.074815,21.029482
L-6,5055,06,52.258238,20.898314
L-6,5180,51,52.233079,20.693025
L-7,6168,01,52.341522,20.847219
L-7,5129,02,52.211031,20.816277
L-7,5129,03,52.210345,20.817446
1,R-01,00,52.234309,20.972930
1,4003,12,52.218968,20.984560
1,R-04,00,52.299136,20.934157
1,1087,03,52.298540,21.021882
1,1087,04,52.298584,21.022082
1,R-01,99,52.231530,20.969950
1,1091,03,52.311115,21.012548
1,4108,04,52.209772,20.981883
1,R-03,00,52.188500,20.999906
1,R-02,00,52.255199,21.053941
1,R-04,99,52.299130,20.934240
1,R-03,99,52.188500,21.000290
1,R-02,99,52.257020,21.055770
L26,1490,02,52.337070,21.214557
L26,1345,01,52.310880,21.152548
L26,1400,04,52.315360,21.193591
320,5162,01,52.264624,20.885089
320,5081,02,52.251354,20.880892
320,5083,01,52.248230,20.878700
320,R-11,00,52.196412,20.922925
320,5055,06,52.258238,20.898314
320,5055,07,52.258409,20.898306
320,5050,02,52.240293,20.896865
320,5082,02,52.250841,20.875182
320,R-11,99,52.196605,20.922746
L24,3701,71,52.074815,21.029482
L24,3865,02,52.076256,21.098441
L24,3449,02,52.078388,21.068093
326,1085,11,52.293581,21.030403
326,1438,01,52.358794,21.038577
326,6005,14,52.272017,20.968475
326,1293,01,52.361503,21.046325
9,4015,01,52.176099,20.943806
9,R-03,00,52.188500,20.999906
9,R-01,99,52.231530,20.969950
9,2014,05,52.238124,21.118913
9,R-03,99,52.188500,21.000290
9,R-02,99,52.257020,21.055770
9,2008,11,52.244577,21.084874
9,R-02,00,52.255199,21.053941
9,R-01,00,52.234309,20.972930
146,2052,03,52.159364,21.204682
146,2120,01,52.250296,21.052437
146,R-10,98,52.234309,21.113553
146,2052,04,52.159459,21.204580
146,R-10,99,52.232925,21.117802
146,R-10,00,52.232928,21.117660
147,R-10,00,52.232928,21.117660
147,2275,03,52.219237,21.242990
147,2146,03,52.224492,21.092092
147,2120,01,52.250296,21.052437
147,R-10,90,52.234353,21.113599
147,2275,04,52.221605,21.243278
147,R-10,99,52.232925,21.117802
147,R-10,98,52.234309,21.113553
203,6059,19,52.290989,20.928349
203,6191,71,52.275129,20.902807
203,6059,17,52.291099,20.928468
145,2008,16,52.244733,21.088185
145,1013,11,52.291324,21.000759
145,R-10,90,52.234353,21.113599
145,R-10,00,52.232928,21.117660
145,R-13,00,52.263590,21.047868
145,R-10,98,52.234309,21.113553
145,R-13,99,52.263631,21.047922
145,2008,01,52.245391,21.084962
145,1211,01,52.286335,21.105668
142,2008,14,52.244626,21.088164
142,2222,01,52.169917,21.242213
142,R-10,00,52.232928,21.117660
142,2212,04,52.184303,21.134842
142,2008,01,52.245391,21.084962
142,2008,23,52.244720,21.086380
142,R-10,98,52.234309,21.113553
142,2008,16,52.244733,21.088185
142,R-10,90,52.234353,21.113599
143,2086,01,52.256981,21.177176
143,4029,55,52.216371,20.992621
143,R-07,00,52.188509,20.996198
143,2015,03,52.233508,21.125456
143,4029,01,52.215562,20.988137
143,R-07,99,52.188525,20.996275
143,2015,06,52.234707,21.125615
143,2086,02,52.256877,21.177167
143,2008,23,52.244720,21.086380
143,R-10,98,52.234309,21.113553
143,R-10,99,52.232925,21.117802
143,R-10,90,52.234353,21.113599
140,1244,01,52.360867,21.111262
140,R-13,00,52.263590,21.047868
140,1140,09,52.276671,21.052787
140,R-13,99,52.263631,21.047922
141,4015,18,52.175438,20.943098
141,R-11,99,52.196605,20.922746
141,2105,04,52.236047,21.113499
141,R-10,98,52.234309,21.113553
141,R-07,99,52.188525,20.996275
141,4015,07,52.175467,20.944064
141,2105,01,52.236275,21.112945
141,R-11,00,52.196412,20.922925
141,R-07,00,52.188509,20.996198
141,R-10,00,52.232928,21.117660
209,3407,03,52.132775,20.981087
209,3136,06,52.153908,21.037503
209,R-07,99,52.188525,20.996275
208,4005,10,52.210284,20.975571
208,4119,03,52.207886,20.963753
208,4005,12,52.211689,20.975216
208,R-07,99,52.188525,20.996275
208,R-07,00,52.188509,20.996198
208,R-11,00,52.196412,20.922925
208,4047,02,52.205798,20.942750
208,R-11,99,52.196605,20.922746
Z12,6112,03,52.274923,20.863362
Z12,6059,23,52.290746,20.928062
148,4040,71,52.169472,20.978252
148,2008,17,52.244794,21.087299
148,R-10,00,52.232928,21.117660
148,3039,04,52.175638,21.042969
148,R-11,99,52.196605,20.922746
148,R-07,00,52.188509,20.996198
148,2008,03,52.244927,21.083591
148,4202,01,52.168737,20.974537
148,R-07,99,52.188525,20.996275
148,4201,02,52.170675,20.973780
148,R-11,00,52.196412,20.922925
148,R-10,98,52.234309,21.113553
149,5034,03,52.238205,20.913160
149,5083,01,52.248230,20.878700
149,5034,71,52.237821,20.913808
149,5082,02,52.250841,20.875182
149,R-11,00,52.196412,20.922925
149,5034,02,52.239191,20.911538
149,R-11,99,52.196605,20.922746
149,5033,02,52.239638,20.916942
76,5161,07,52.260233,20.925032
76,5021,04,52.223400,20.928784
76,6059,14,52.291939,20.930038
76,R-03,00,52.188500,20.999906
76,R-04,99,52.299130,20.934240
76,R-03,99,52.188500,21.000290
76,R-04,00,52.299136,20.934157
S20,2914,01,52.240794,21.298122
S20,2900,01,52.251390,21.053370
S20,2900,02,52.251740,21.054840
73,1031,03,52.258106,21.059661
73,6005,73,52.272805,20.971834
73,R-01,00,52.234309,20.972930
73,R-01,99,52.231530,20.969950
73,R-02,99,52.257020,21.055770
73,R-02,00,52.255199,21.053941
L17,3701,71,52.074815,21.029482
L17,3894,02,51.940664,20.954634
L17,3887,01,51.988894,21.003349
L17,3977,02,51.980071,20.950874
L15,3188,03,52.102628,21.116018
L15,3358,02,52.061465,21.153110
2,R-04,00,52.299136,20.934157
2,6059,28,52.291566,20.928924
2,1507,72,52.324299,20.942744
2,R-04,99,52.299130,20.934240
2,6059,11,52.292100,20.929772
2,1947,71,52.341531,20.950800
2,6059,13,52.292034,20.929913
263,3044,02,52.166510,21.083010
263,R-07,99,52.188525,20.996275
263,3134,04,52.149980,21.031813
263,R-07,00,52.188509,20.996198
263,3134,03,52.148532,21.033781
263,3094,06,52.178257,21.048888
263,3150,02,52.164634,21.108991
504,7002,29,52.229286,21.003772
504,R-07,99,52.188525,20.996275
504,3400,01,52.128946,21.068699
504,R-07,00,52.188509,20.996198
504,3243,06,52.179055,21.002602
504,3400,04,52.129226,21.068250
262,1064,03,52.286555,21.087869
262,1140,14,52.276280,21.053580
705,6005,11,52.271829,20.969411
705,6005,12,52.272096,20.968381
705,R-13,00,52.263590,21.047868
705,6005,15,52.271902,20.968119
705,1276,01,52.441068,21.056353
705,1694,71,52.493535,21.146630
705,R-13,99,52.263631,21.047922
705,1365,01,52.474077,21.069834
705,R-19,99,52.271236,20.968496
705,R-19,00,52.271236,20.968586
L13,3701,71,52.074815,21.029482
L13,3368,02,51.981144,21.216983
L13,3842,01,52.027058,21.039962
706,4015,17,52.175146,20.944026
706,R-11,99,52.196605,20.922746
706,4064,01,52.132598,20.895185
706,4015,15,52.175222,20.943717
706,4015,16,52.175353,20.943392
706,4015,14,52.175431,20.943469
706,R-11,00,52.196412,20.922925
N50,3009,17,52.179854,21.024224
N50,3051,03,52.121200,21.103420
N50,3179,01,52.077302,21.101488
N36,3267,71,52.170218,20.995442
N36,7002,27,52.229183,21.002897
N36,R-07,00,52.188509,20.996198
N36,R-07,99,52.188525,20.996275
356,1140,07,52.276369,21.053010
356,1482,04,52.277363,21.080932
809,3136,06,52.153908,21.037503
809,3025,03,52.109741,20.992712
809,R-07,00,52.188509,20.996198
N63,1306,51,52.410908,20.886456
N63,7002,11,52.229981,21.004410
N63,7002,23,52.229250,21.002852
N63,1023,01,52.334167,20.962165
N63,1253,09,52.334041,20.942215
N63,1310,04,52.402680,20.928690
N63,R-13,00,52.263590,21.047868
N63,1193,01,52.398003,20.922969
N63,R-13,99,52.263631,21.047922
N63,1277,07,52.316941,20.952366
E-1,R-10,00,52.232928,21.117660
E-1,1231,71,52.246755,21.044557
E-1,1231,02,52.246011,21.043312
E-1,R-10,98,52.234309,21.113553
E-1,2148,02,52.222050,21.102160
E-1,R-10,99,52.232925,21.117802
N43,5161,10,52.260766,20.924938
N43,R-13,99,52.263631,21.047922
N43,7002,29,52.229286,21.003772
N43,6048,05,52.272412,20.924930
N43,R-13,00,52.263590,21.047868
N43,R-07,99,52.188525,20.996275
